"Type","Treatment Name","Group Name","Item Name","Description","Retail Price","Special Price","Duration"
"Service","Blow & Styling","Blow & Styling","Hair Styling (Catok)","","35.000,00","0,00","30min"
"Service","Blow & Styling","Blow & Styling","Spiral Hair Styling","","45.000,00","0,00","45min"
"Service","Hair Cut","Hair Cut","Haircut Layer Modern","","50.000,00","0,00","45min"
"Service","Hair Cut","Hair Cut","Haircut Yongen","","50.000,00","0,00","40min"
"Service","Hair Spa & Treatment","Hair Spa & Treatment","Pakai Vitamin","","5.000,00","0,00","5min"
"Service","Hair Cut","Hair Cut","Cut Bangs","","10.000,00","0,00","5min"
"Service","Hair Spa & Treatment","Hair Spa & Treatment","Creambath Makarizo","","50.000,00","0,00","30min"
"Service","Hair Spa & Treatment","Hair Spa & Treatment","Hairmask CBD / KERATIN","","70.000,00","0,00","1h"
"Service","Hair Spa & Treatment","Hair Spa & Treatment","Hair Wash","","20.000,00","0,00","15min"
"Service","Hair Spa & Treatment","Hair Spa & Treatment","Jasa Hairmask & Creambath","","40.000,00","0,00","30min"
"Service","Coloring & Highlight","Coloring & Highlight","Full Bleaching","","250.000,00","0,00","30min"
"Service","Blow & Styling","Blow & Styling","Spiral Extention","","55.000,00","0,00","30min"
"Service","Blow & Styling","Blow & Styling","Catok Blow Extention","","45.000,00","0,00","30min"
"Service","Hair Cut","Hair Cut","Haircut Oval Layer","","50.000,00","0,00","20min"
"Service","Coloring & Highlight","Coloring & Highlight","Colouring Extension","","400.000,00","0,00","30min"
"Service","Perawatan Badan & Wajah","Perawatan Badan & Wajah","Massage Body 60 Menit","","120.000,00","0,00","1h"
"Service","Perawatan Badan & Wajah","Perawatan Badan & Wajah","Body Scrub 40 Menit","","100.000,00","0,00","40min"
"Service","Hair Spa & Treatment","Hair Spa & Treatment","Hairmask Chocolate","","50.000,00","50.000,00","30min"
"Service","Perm & Rebonding","Perm & Rebonding","Smoothing Medium","","300.000,00","0,00","4h"
"Service","Coloring & Highlight","Coloring & Highlight","Colouring","","250.000,00","0,00",""
"Service","Coloring & Highlight","Coloring & Highlight","Highlight","","300.000,00","0,00","2h"
"Service","Hair Spa & Treatment","Hair Spa & Treatment","Hairmask Matrix","","80.000,00","0,00","30min"
"Service","Hair Spa & Treatment","Hair Spa & Treatment","Hairmask Biolage","","80.000,00","0,00","30min"
"Service","Blow & Styling","Blow & Styling","Pakai Hair spray","","5.000,00","0,00","5min"
"Service","Coloring & Highlight","Coloring & Highlight","Jasa Cat","","120.000,00","0,00","30min"
"Service","Perm & Rebonding","Perm & Rebonding","Smoothing Long","","400.000,00","0,00","1h 50min"
"Service","Hair Cut","Hair Cut","Short Bob Cut","","40.000,00","0,00","30min"
"Service","Hair Spa & Treatment","Hair Spa & Treatment","Hairmask Keratin Inaura","","70.000,00","0,00","30min"
"Service","Hair Spa & Treatment","Hair Spa & Treatment","Creambath Inaura","","40.000,00","0,00","30min"
"Service","Hair Spa & Treatment","Hair Spa & Treatment","Hair mask Strawbery","","50.000,00","0,00","30min"
"Service","Hair Spa & Treatment","Hair Spa & Treatment","Hairmask Ketombe","","50.000,00","0,00","30min"
"Service","Lainnya","Lainnya","Pakai Shampo","","5.000,00","0,00","5min"
"Service","Lainnya","Lainnya","Pakai Conditioner","","5.000,00","0,00","5min"
"Service","Blow & Styling","Blow & Styling","Cutting styling","","85.000,00","0,00",""
"Service","Perawatan Badan & Wajah","Perawatan Badan & Wajah","Bleaching Badan","","80.000,00","0,00","30min"
"Service","Perawatan Badan & Wajah","Perawatan Badan & Wajah","Mandi Susu Oles","","80.000,00","0,00","30min"
"Service","Perawatan Badan & Wajah","Perawatan Badan & Wajah","Facial Treatment","","100.000,00","100.000,00","35min"
"Service","Perawatan Badan & Wajah","Perawatan Badan & Wajah","Ratus Mis-V","","50.000,00","30.000,00",""
"Service","Hair Extension","Hair Extension","Pasang Ext Kepang 2*3","","6.000,00","0,00","5min"
"Service","Nail Art","Nail Art","Kuku Palsu 10 Jari","","20.000,00","0,00","5min"
"Service","Nail Art","Nail Art","Remover","","30.000,00","0,00","5min"
"Service","Nail Art","Nail Art","NailArt Simple","","170.000,00","120.000,00","30min"
"Service","Nail Art","Nail Art","Nail jell polos","","110.000,00","60.000,00","30min"
"Service","Nail Art","Nail Art","Nail Cat Eye","","150.000,00","90.000,00","30min"
"Service","Nail Art","Nail Art","NailArt Premium","","200.000,00","140.000,00","30min"
"Service","Nail Art","Nail Art","Penambahan Kupal","","20.000,00","0,00","30min"
"Service","Hair Extension","Hair Extension","Pasang ext 2*2","","4.000,00","0,00","5min"
"Service","Hair Extension","Hair Extension","Lepas Ext 80helai","","80.000,00","0,00",""
"Service","Hair Extension","Hair Extension","Service Ext 142 Helai","","114.000,00","0,00",""
"Service","Lainnya","Lainnya","Shower Cap","","5.000,00","0,00","5min"
"Service","Hair Extension","Hair Extension","Rambut Ext Premium 25Helai*9","","830.000,00","0,00",""
"Service","Hair Extension","Hair Extension","Pasang Ext 110 Helai*3","","114.000,00","0,00",""
"Service","Hair Spa & Treatment","Hair Spa & Treatment","Scrub Scalp","","25.000,00","0,00",""
"Service","Perm & Rebonding","Perm & Rebonding","Smoothing Short","","350.000,00","0,00",""
"Service","Perawatan Badan & Wajah","Perawatan Badan & Wajah","Totok Wajah","","45.000,00","0,00","30min"
"Service","Blow & Styling","Blow & Styling","Gunting Rapi","","30.000,00","0,00",""
"Package","Paket Layanan","Paket Layanan","Paket 1","2 layanan, normal Rp220.000 — hemat Rp60.000","160.000,00","0,00",""
"Package","Paket Layanan","Paket Layanan","Paket 2","3 layanan, normal Rp260.000 — hemat Rp70.000","190.000,00","0,00",""
"Package","Paket Layanan","Paket Layanan","Paket 3","2 layanan, normal Rp160.000 — hemat Rp20.000","140.000,00","0,00",""
"Package","Paket Layanan","Paket Layanan","Paket 4","2 layanan, normal Rp140.000 — hemat Rp20.000","120.000,00","0,00",""
"Package","Paket Layanan","Paket Layanan","Paket 5","2 layanan, normal Rp180.000 — hemat Rp30.000","150.000,00","0,00",""
"Package","Paket Layanan","Paket Layanan","Paket 6","2 layanan, normal Rp160.000 — hemat Rp10.000","150.000,00","0,00",""
"Package","Paket Layanan","Paket Layanan","Paket 7","2 layanan, normal Rp180.000 — hemat Rp20.000","160.000,00","0,00",""
"Package","Paket Layanan","Paket Layanan","Paket 8","2 layanan","140.000,00","0,00",""
"Package","Paket Layanan","Paket Layanan","Paket 9","2 layanan, normal Rp200.000 — hemat Rp20.000","180.000,00","0,00",""
"Package","Paket Layanan","Paket Layanan","Paket 10","2 layanan, normal Rp165.000 — hemat Rp15.000","150.000,00","0,00",""
"Package","Paket Layanan","Paket Layanan","Paket 11","2 layanan, normal Rp150.000 — hemat Rp5.000","145.000,00","0,00",""
"Package","Paket Layanan","Paket Layanan","Paket 12","3 layanan, normal Rp170.000 — hemat Rp10.000","160.000,00","0,00",""
"Package","Paket Layanan","Paket Layanan","Paket 13","3 layanan, normal Rp230.000 — hemat Rp20.000","210.000,00","0,00",""
"Package","Paket Layanan","Paket Layanan","Paket A","4 layanan, normal Rp110.000 — hemat Rp5.000","105.000,00","0,00",""
"Package","Paket Layanan","Paket Layanan","Paket B","3 layanan, normal Rp110.000 — hemat Rp5.000","105.000,00","0,00",""
"Package","Paket Layanan","Paket Layanan","Paket C","3 layanan, normal Rp105.000 — hemat Rp5.000","100.000,00","0,00",""
"Package","Paket Layanan","Paket Layanan","Paket D","3 layanan","100.000,00","0,00",""
"Package","Paket Layanan","Paket Layanan","Paket E","3 layanan, normal Rp120.000 — hemat Rp10.000","110.000,00","0,00",""
